{
  "summary": {
    "successRate": 1.0,
    "total": 30.011992379,
    "slowest": 0.225440696,
    "fastest": 0.001442933,
    "average": 0.038155509165476845,
    "requestsPerSec": 2617.753563571235,
    "totalData": 82275467264,
    "sizePerRequest": 1048576,
    "sizePerSec": 2741419703.9970536
  },
  "responseTimeHistogram": {
    "0.001442933": 1,
    "0.0238427093": 33874,
    "0.0462424856": 20661,
    "0.06864226189999999": 10935,
    "0.0910420382": 7499,
    "0.1134418145": 3612,
    "0.1358415908": 1305,
    "0.1582413671": 411,
    "0.1806411434": 107,
    "0.20304091970000002": 49,
    "0.22544069600000002": 10
  },
  "latencyPercentiles": {
    "p10": 0.009627324,
    "p25": 0.015438506,
    "p50": 0.027924309,
    "p75": 0.054069599,
    "p90": 0.08278129,
    "p95": 0.098456735,
    "p99": 0.130540914,
    "p99.9": 0.172870637,
    "p99.99": 0.206816779
  },
  "firstByteHistogram": {
    "0.000193712": 1,
    "0.015178872500000001": 59527,
    "0.030164033": 13491,
    "0.045149193500000004": 3911,
    "0.060134354": 1115,
    "0.0751195145": 290,
    "0.09010467500000001": 83,
    "0.1050898355": 27,
    "0.120074996": 15,
    "0.13506015650000003": 2,
    "0.150045317": 2
  },
  "firstBytePercentiles": {
    "p10": 0.001774052,
    "p25": 0.00356401,
    "p50": 0.007446401,
    "p75": 0.014773875,
    "p90": 0.025682384,
    "p95": 0.034271029,
    "p99": 0.053007199,
    "p99.9": 0.081633255,
    "p99.99": 0.114050929
  },
  "rps": {
    "mean": 2559.6324440298986,
    "stddev": 1655.858994263489,
    "max": 8465.717439400807,
    "min": 63.18451337467664,
    "percentiles": {
      "p10": 809.5591120835215,
      "p25": 1200.1162912686782,
      "p50": 1881.0368792564186,
      "p75": 4113.846384159707,
      "p90": 4995.6873963907365,
      "p95": 5395.910693809341,
      "p99": 6204.556226476878,
      "p99.9": 7073.115201877858,
      "p99.99": 8465.717439400807
    }
  },
  "details": {
    "DNSDialup": {
      "average": 0.0005009467800000002,
      "fastest": 0.000110292,
      "slowest": 0.002339737
    },
    "DNSLookup": {
      "average": 8.904050000000005e-6,
      "fastest": 1.324e-6,
      "slowest": 0.000062606
    },
    "firstByte": {
      "average": 0.011193003690329401,
      "fastest": 0.000193712,
      "slowest": 0.150045317
    }
  },
  "statusCodeDistribution": {
    "200": 78464
  },
  "errorDistribution": {
    "aborted due to deadline": 100
  }
}