{
  "summary": {
    "successRate": 1.0,
    "total": 30.003333979,
    "slowest": 0.055471063,
    "fastest": 0.000019726,
    "average": 0.0003916625771529219,
    "requestsPerSec": 253822.02542325004,
    "totalData": 144692809,
    "sizePerRequest": 19,
    "sizePerSec": 4822557.689797864
  },
  "responseTimeHistogram": {
    "0.000019726": 1,
    "0.005564859700000001": 7608523,
    "0.0111099934": 6452,
    "0.016655127100000004": 341,
    "0.022200260800000003": 76,
    "0.027745394500000003": 10,
    "0.0332905282": 0,
    "0.0388356619": 0,
    "0.0443807956": 0,
    "0.049925929300000005": 0,
    "0.055471063": 8
  },
  "latencyPercentiles": {
    "p10": 0.000071919,
    "p25": 0.000104879,
    "p50": 0.000159066,
    "p75": 0.000355874,
    "p90": 0.001014645,
    "p95": 0.001607494,
    "p99": 0.003152388,
    "p99.9": 0.005438031,
    "p99.99": 0.009368138
  },
  "firstByteHistogram": {
    "0.000019562": 1,
    "0.0055646889": 7608524,
    "0.0111098158": 6451,
    "0.0166549427": 341,
    "0.0222000696": 76,
    "0.0277451965": 10,
    "0.0332903234": 0,
    "0.0388354503": 0,
    "0.0443805772": 0,
    "0.0499257041": 0,
    "0.055470831": 8
  },
  "firstBytePercentiles": {
    "p10": 0.000071675,
    "p25": 0.000104576,
    "p50": 0.000158715,
    "p75": 0.000355517,
    "p90": 0.001014278,
    "p95": 0.001607113,
    "p99": 0.00315206,
    "p99.9": 0.005437637,
    "p99.99": 0.00936788
  },
  "rps": {
    "mean": 253836.33594979908,
    "stddev": 26668.6417894586,
    "max": 353707.86053398176,
    "min": 122018.98615423685,
    "percentiles": {
      "p10": 216221.55728932162,
      "p25": 241541.3983345976,
      "p50": 261803.2725409041,
      "p75": 272260.06056935544,
      "p90": 279572.77279275743,
      "p95": 283486.3215849202,
      "p99": 289329.16437977314,
      "p99.9": 304928.7603299033,
      "p99.99": 353707.86053398176
    }
  },
  "details": {
    "DNSDialup": {
      "average": 0.00033775192000000013,
      "fastest": 0.000076417,
      "slowest": 0.000834504
    },
    "DNSLookup": {
      "average": 8.490260000000003e-6,
      "fastest": 1.429e-6,
      "slowest": 0.000093436
    },
    "firstByte": {
      "average": 0.0003913370816583729,
      "fastest": 0.000019562,
      "slowest": 0.055470831
    }
  },
  "statusCodeDistribution": {
    "200": 7615411
  },
  "errorDistribution": {
    "aborted due to deadline": 96
  }
}