{
  "summary": {
    "successRate": 1.0,
    "total": 30.003902249,
    "slowest": 0.026099593,
    "fastest": 0.000018637,
    "average": 0.0003810757298799389,
    "requestsPerSec": 260857.53563141468,
    "totalData": 31306616,
    "sizePerRequest": 4,
    "sizePerSec": 1043418.1440863552
  },
  "responseTimeHistogram": {
    "0.000018637": 1,
    "0.0026267326000000003": 7706793,
    "0.0052348282000000005": 111998,
    "0.0078429238": 6507,
    "0.0104510194": 920,
    "0.013059115000000001": 211,
    "0.0156672106": 86,
    "0.0182753062": 86,
    "0.0208834018": 13,
    "0.0234914974": 12,
    "0.026099593": 27
  },
  "latencyPercentiles": {
    "p10": 0.0000716,
    "p25": 0.000103866,
    "p50": 0.000158072,
    "p75": 0.000352568,
    "p90": 0.000977701,
    "p95": 0.001543668,
    "p99": 0.003030285,
    "p99.9": 0.005240066,
    "p99.99": 0.008916385
  },
  "firstByteHistogram": {
    "0.000018491": 1,
    "0.0026265723": 7706825,
    "0.0052346536": 111967,
    "0.0078427349": 6506,
    "0.0104508162": 920,
    "0.013058897500000001": 211,
    "0.0156669788": 86,
    "0.0182750601": 86,
    "0.0208831414": 13,
    "0.023491222699999998": 12,
    "0.026099304": 27
  },
  "firstBytePercentiles": {
    "p10": 0.000071382,
    "p25": 0.0001036,
    "p50": 0.000157762,
    "p75": 0.000352233,
    "p90": 0.00097735,
    "p95": 0.001543302,
    "p99": 0.003029865,
    "p99.9": 0.005239725,
    "p99.99": 0.008916036
  },
  "rps": {
    "mean": 260858.37279381926,
    "stddev": 27080.59978406843,
    "max": 310736.8485080969,
    "min": 129929.71492579534,
    "percentiles": {
      "p10": 223603.37641095018,
      "p25": 247410.98504772736,
      "p50": 268785.34251959965,
      "p75": 279708.1588118006,
      "p90": 287526.5421625757,
      "p95": 291523.6134127304,
      "p99": 298203.70818011847,
      "p99.9": 306951.78276575275,
      "p99.99": 310736.8485080969
    }
  },
  "details": {
    "DNSDialup": {
      "average": 0.00037519622000000005,
      "fastest": 0.000070576,
      "slowest": 0.000926801
    },
    "DNSLookup": {
      "average": 9.22773e-6,
      "fastest": 1.392e-6,
      "slowest": 0.00007804
    },
    "firstByte": {
      "average": 0.00038078218532531437,
      "fastest": 0.000018491,
      "slowest": 0.026099304
    }
  },
  "statusCodeDistribution": {
    "200": 7826654
  },
  "errorDistribution": {
    "aborted due to deadline": 90
  }
}