{
  "summary": {
    "successRate": 1.0,
    "total": 30.004105501,
    "slowest": 0.043676465,
    "fastest": 0.000059942,
    "average": 0.04023313571547273,
    "requestsPerSec": 2486.526385447934,
    "totalData": 76294144,
    "sizePerRequest": 1024,
    "sizePerSec": 2542790.1524162153
  },
  "responseTimeHistogram": {
    "0.000059942": 1,
    "0.0044215943": 1778,
    "0.008783246599999999": 6,
    "0.013144898899999998": 0,
    "0.017506551199999998": 0,
    "0.021868203499999996": 0,
    "0.026229855799999997": 0,
    "0.030591508099999998": 0,
    "0.034953160399999995": 0,
    "0.03931481269999999": 0,
    "0.04367646499999999": 72721
  },
  "latencyPercentiles": {
    "p10": 0.040840118,
    "p25": 0.040933846,
    "p50": 0.041030433,
    "p75": 0.041199459,
    "p90": 0.042001804,
    "p95": 0.042073912,
    "p99": 0.042200795,
    "p99.9": 0.042663891,
    "p99.99": 0.043064433
  },
  "firstByteHistogram": {
    "0.000059627": 1,
    "0.004421243199999999": 1778,
    "0.008782859399999999": 6,
    "0.013144475599999999": 0,
    "0.017506091799999998": 0,
    "0.021867708": 0,
    "0.026229324199999998": 0,
    "0.030590940399999995": 0,
    "0.0349525566": 0,
    "0.0393141728": 0,
    "0.043675789": 72721
  },
  "firstBytePercentiles": {
    "p10": 0.040839205,
    "p25": 0.040932982,
    "p50": 0.041029565,
    "p75": 0.041198695,
    "p90": 0.042000844,
    "p95": 0.042073115,
    "p99": 0.04220021,
    "p99.9": 0.042663409,
    "p99.99": 0.043062943
  },
  "rps": {
    "mean": 4016.716909215944,
    "stddev": 9823.609896975071,
    "max": 209621.63297565386,
    "min": 26.622172142958398,
    "percentiles": {
      "p10": 70.92789647364435,
      "p25": 208.9260303657705,
      "p50": 2967.8766166941386,
      "p75": 4801.597011165949,
      "p90": 7069.806901247703,
      "p95": 8808.81381230203,
      "p99": 32566.925031418636,
      "p99.9": 143575.01794978607,
      "p99.99": 209621.63297565386
    }
  },
  "details": {
    "DNSDialup": {
      "average": 0.0003443415499999998,
      "fastest": 0.000083573,
      "slowest": 0.001649529
    },
    "DNSLookup": {
      "average": 8.758729999999998e-6,
      "fastest": 1.679e-6,
      "slowest": 0.000065821
    },
    "firstByte": {
      "average": 0.04023225195926506,
      "fastest": 0.000059627,
      "slowest": 0.043675789
    }
  },
  "statusCodeDistribution": {
    "200": 74506
  },
  "errorDistribution": {
    "aborted due to deadline": 100
  }
}