{
  "summary": {
    "successRate": 1.0,
    "total": 30.004637426,
    "slowest": 0.087005349,
    "fastest": 0.000020376,
    "average": 0.00064804113347929,
    "requestsPerSec": 153467.34355169543,
    "totalData": 36837112,
    "sizePerRequest": 8,
    "sizePerSec": 1227713.9522465763
  },
  "responseTimeHistogram": {
    "0.000020376": 1,
    "0.0087188733": 4602064,
    "0.0174173706": 2439,
    "0.0261158679": 63,
    "0.0348143652": 43,
    "0.0435128625": 1,
    "0.0522113598": 10,
    "0.060909857100000006": 0,
    "0.0696083544": 0,
    "0.0783068517": 16,
    "0.087005349": 2
  },
  "latencyPercentiles": {
    "p10": 0.00011801,
    "p25": 0.000174733,
    "p50": 0.000285377,
    "p75": 0.000727182,
    "p90": 0.001649375,
    "p95": 0.002428892,
    "p99": 0.004391484,
    "p99.9": 0.007621771,
    "p99.99": 0.013177409
  },
  "firstByteHistogram": {
    "0.000020235": 1,
    "0.008718691600000002": 4602064,
    "0.017417148200000003": 2439,
    "0.026115604800000004": 63,
    "0.034814061400000006": 43,
    "0.04351251800000001": 1,
    "0.05221097460000001": 10,
    "0.06090943120000001": 0,
    "0.0696078878": 0,
    "0.0783063444": 16,
    "0.087004801": 2
  },
  "firstBytePercentiles": {
    "p10": 0.00011771,
    "p25": 0.000174372,
    "p50": 0.000284939,
    "p75": 0.000726695,
    "p90": 0.001648889,
    "p95": 0.002428451,
    "p99": 0.004390996,
    "p99.9": 0.007621474,
    "p99.99": 0.013177023
  },
  "rps": {
    "mean": 153478.7471284253,
    "stddev": 32371.020550490266,
    "max": 290129.9201782558,
    "min": 59351.14737294132,
    "percentiles": {
      "p10": 109936.98015444377,
      "p25": 131069.7553237836,
      "p50": 152427.23100972144,
      "p75": 177927.98807253607,
      "p90": 196147.54616519136,
      "p95": 205015.5943991044,
      "p99": 216588.23804813778,
      "p99.9": 280003.8920540996,
      "p99.99": 290129.9201782558
    }
  },
  "details": {
    "DNSDialup": {
      "average": 0.0003651435100000001,
      "fastest": 0.000086242,
      "slowest": 0.000917915
    },
    "DNSLookup": {
      "average": 9.500900000000002e-6,
      "fastest": 1.966e-6,
      "slowest": 0.000072163
    },
    "firstByte": {
      "average": 0.0006476223692511089,
      "fastest": 0.000020235,
      "slowest": 0.087004801
    }
  },
  "statusCodeDistribution": {
    "200": 4604639
  },
  "errorDistribution": {
    "aborted due to deadline": 93
  }
}