{
  "summary": {
    "successRate": 1.0,
    "total": 30.003040508,
    "slowest": 0.048452089,
    "fastest": 0.000019812,
    "average": 0.0003925174966688408,
    "requestsPerSec": 253229.56844904312,
    "totalData": 281109831,
    "sizePerRequest": 37,
    "sizePerSec": 9369378.111029945
  },
  "responseTimeHistogram": {
    "0.000019812": 1,
    "0.004863039699999999": 7567221,
    "0.009706267399999998": 29137,
    "0.014549495099999997": 931,
    "0.019392722799999998": 209,
    "0.0242359505": 53,
    "0.029079178199999996": 1,
    "0.033922405899999994": 0,
    "0.038765633599999995": 0,
    "0.043608861299999996": 0,
    "0.048452089": 10
  },
  "latencyPercentiles": {
    "p10": 0.000069701,
    "p25": 0.000101122,
    "p50": 0.000149638,
    "p75": 0.000287884,
    "p90": 0.000970851,
    "p95": 0.001726194,
    "p99": 0.003758424,
    "p99.9": 0.006690437,
    "p99.99": 0.010731915
  },
  "firstByteHistogram": {
    "0.000019698": 1,
    "0.004862913600000001": 7567229,
    "0.009706129200000002": 29129,
    "0.014549344800000003": 931,
    "0.0193925604": 209,
    "0.024235776": 53,
    "0.029078991600000003": 1,
    "0.033922207200000006": 0,
    "0.038765422800000005": 0,
    "0.043608638400000004": 0,
    "0.048451854": 10
  },
  "firstBytePercentiles": {
    "p10": 0.00006949,
    "p25": 0.00010085,
    "p50": 0.000149327,
    "p75": 0.000287557,
    "p90": 0.000970489,
    "p95": 0.001725829,
    "p99": 0.003758075,
    "p99.9": 0.006690119,
    "p99.99": 0.010731657
  },
  "rps": {
    "mean": 253238.39984494477,
    "stddev": 28012.051736374517,
    "max": 316064.824895586,
    "min": 130240.77838773536,
    "percentiles": {
      "p10": 215500.73270251811,
      "p25": 240149.32667173218,
      "p50": 260403.48434464264,
      "p75": 272532.7779694292,
      "p90": 281521.9305583607,
      "p95": 286838.637164419,
      "p99": 295721.9425681349,
      "p99.9": 304474.3526369134,
      "p99.99": 316064.824895586
    }
  },
  "details": {
    "DNSDialup": {
      "average": 0.00046276187999999985,
      "fastest": 0.000093823,
      "slowest": 0.001889811
    },
    "DNSLookup": {
      "average": 7.913390000000002e-6,
      "fastest": 1.202e-6,
      "slowest": 0.000072569
    },
    "firstByte": {
      "average": 0.00039222046473546586,
      "fastest": 0.000019698,
      "slowest": 0.048451854
    }
  },
  "statusCodeDistribution": {
    "200": 7597563
  },
  "errorDistribution": {
    "aborted due to deadline": 94
  }
}