{
  "summary": {
    "successRate": 1.0,
    "total": 30.004938512,
    "slowest": 0.029642928,
    "fastest": 0.000016081,
    "average": 0.0004066357655436791,
    "requestsPerSec": 244502.65069085106,
    "totalData": 161396180,
    "sizePerRequest": 22,
    "sizePerSec": 5378987.193573223
  },
  "responseTimeHistogram": {
    "0.000016081": 1,
    "0.0029787656999999998": 7243544,
    "0.0059414504": 86991,
    "0.0089041351": 4695,
    "0.0118668198": 633,
    "0.014829504499999998": 157,
    "0.017792189200000003": 115,
    "0.0207548739": 27,
    "0.0237175586": 1,
    "0.0266802433": 8,
    "0.029642928": 18
  },
  "latencyPercentiles": {
    "p10": 0.000075104,
    "p25": 0.000110195,
    "p50": 0.000167208,
    "p75": 0.000375478,
    "p90": 0.00105443,
    "p95": 0.001655101,
    "p99": 0.003216382,
    "p99.9": 0.005617894,
    "p99.99": 0.00939737
  },
  "firstByteHistogram": {
    "0.000015966": 1,
    "0.0029786151": 7243564,
    "0.0059412642": 86973,
    "0.0089039133": 4694,
    "0.011866562399999999": 632,
    "0.014829211499999998": 157,
    "0.0177918606": 115,
    "0.0207545097": 27,
    "0.0237171588": 1,
    "0.026679807899999998": 8,
    "0.029642456999999997": 18
  },
  "firstBytePercentiles": {
    "p10": 0.000074876,
    "p25": 0.000109909,
    "p50": 0.000166879,
    "p75": 0.000375134,
    "p90": 0.001054077,
    "p95": 0.001654757,
    "p99": 0.003216024,
    "p99.9": 0.005617352,
    "p99.99": 0.009397079
  },
  "rps": {
    "mean": 244518.18394039298,
    "stddev": 27090.04859684331,
    "max": 296816.31973382324,
    "min": 120106.28155851443,
    "percentiles": {
      "p10": 205431.39391958882,
      "p25": 231068.9642744276,
      "p50": 252792.45559187373,
      "p75": 263811.1700270683,
      "p90": 270915.6589250879,
      "p95": 274500.85095256794,
      "p99": 280649.89955213724,
      "p99.9": 285831.8416671114,
      "p99.99": 296816.31973382324
    }
  },
  "details": {
    "DNSDialup": {
      "average": 0.00040574632,
      "fastest": 0.000084526,
      "slowest": 0.001416398
    },
    "DNSLookup": {
      "average": 8.28898e-6,
      "fastest": 1.771e-6,
      "slowest": 0.000064206
    },
    "firstByte": {
      "average": 0.0004063264138011418,
      "fastest": 0.000015966,
      "slowest": 0.029642457
    }
  },
  "statusCodeDistribution": {
    "200": 7336190
  },
  "errorDistribution": {
    "aborted due to deadline": 97
  }
}