{
  "summary": {
    "successRate": 1.0,
    "total": 30.003760299,
    "slowest": 0.01115129,
    "fastest": 0.000018481,
    "average": 0.00043672162937669106,
    "requestsPerSec": 227825.5769236973,
    "totalData": 27342112,
    "sizePerRequest": 4,
    "sizePerSec": 911289.5092989824
  },
  "responseTimeHistogram": {
    "0.000018481": 1,
    "0.0011317618999999999": 6589434,
    "0.0022450427999999994": 233048,
    "0.0033583236999999992": 10605,
    "0.004471604599999999": 1444,
    "0.005584885499999998": 218,
    "0.006698166399999999": 202,
    "0.007811447299999999": 100,
    "0.008924728199999999": 315,
    "0.010038009099999998": 122,
    "0.011151289999999998": 39
  },
  "latencyPercentiles": {
    "p10": 0.000182826,
    "p25": 0.000240879,
    "p50": 0.000350553,
    "p75": 0.000527498,
    "p90": 0.00080335,
    "p95": 0.001024755,
    "p99": 0.001562116,
    "p99.9": 0.002588158,
    "p99.99": 0.006094359
  },
  "firstByteHistogram": {
    "0.000018382": 1,
    "0.0011316348": 6589561,
    "0.0022448876": 232926,
    "0.0033581404": 10600,
    "0.0044713932": 1444,
    "0.0055846459999999995": 218,
    "0.0066978988": 202,
    "0.0078111516": 100,
    "0.0089244044": 315,
    "0.010037657200000001": 122,
    "0.01115091": 39
  },
  "firstBytePercentiles": {
    "p10": 0.000182568,
    "p25": 0.000240587,
    "p50": 0.000350284,
    "p75": 0.000527221,
    "p90": 0.000803067,
    "p95": 0.001024476,
    "p99": 0.001561826,
    "p99.9": 0.002587773,
    "p99.99": 0.006094197
  },
  "rps": {
    "mean": 227833.0005147149,
    "stddev": 24464.853302139432,
    "max": 294512.1044474927,
    "min": 76810.077482162,
    "percentiles": {
      "p10": 194958.6011174012,
      "p25": 216754.5676822247,
      "p50": 232067.0441690475,
      "p75": 244787.6744750654,
      "p90": 253468.53658989214,
      "p95": 258910.17516990376,
      "p99": 269187.29744056833,
      "p99.9": 278883.2995233651,
      "p99.99": 294512.1044474927
    }
  },
  "details": {
    "DNSDialup": {
      "average": 0.0003228524599999999,
      "fastest": 0.0000702,
      "slowest": 0.000944889
    },
    "DNSLookup": {
      "average": 7.511939999999999e-6,
      "fastest": 1.024e-6,
      "slowest": 0.000071375
    },
    "firstByte": {
      "average": 0.00043644744027786247,
      "fastest": 0.000018382,
      "slowest": 0.01115091
    }
  },
  "statusCodeDistribution": {
    "200": 6835528
  },
  "errorDistribution": {
    "aborted due to deadline": 96
  }
}