{
  "summary": {
    "successRate": 1.0,
    "total": 30.003561368,
    "slowest": 0.009590771,
    "fastest": 0.000020342,
    "average": 0.0004586703408216651,
    "requestsPerSec": 216976.30891722214,
    "totalData": 143219230,
    "sizePerRequest": 22,
    "sizePerSec": 4773407.67128895
  },
  "responseTimeHistogram": {
    "0.000020342": 1,
    "0.0009773849": 6076826,
    "0.0019344278000000001": 402675,
    "0.0028914707000000004": 26262,
    "0.0038485136000000002": 3292,
    "0.0048055565": 755,
    "0.0057625994": 96,
    "0.0067196423": 37,
    "0.0076766852": 0,
    "0.0086337281": 3,
    "0.009590771": 18
  },
  "latencyPercentiles": {
    "p10": 0.000190806,
    "p25": 0.000252737,
    "p50": 0.000371505,
    "p75": 0.000556965,
    "p90": 0.000843034,
    "p95": 0.00107165,
    "p99": 0.001637128,
    "p99.9": 0.002647108,
    "p99.99": 0.004022939
  },
  "firstByteHistogram": {
    "0.000020226": 1,
    "0.0009772231": 6076993,
    "0.0019342202": 402520,
    "0.0028912173000000003": 26250,
    "0.0038482144": 3292,
    "0.0048052115": 755,
    "0.005762208600000001": 96,
    "0.0067192057000000005": 37,
    "0.0076762028": 0,
    "0.008633199900000001": 3,
    "0.009590197": 18
  },
  "firstBytePercentiles": {
    "p10": 0.000190543,
    "p25": 0.000252446,
    "p50": 0.000371226,
    "p75": 0.00055668,
    "p90": 0.000842749,
    "p95": 0.001071365,
    "p99": 0.001636815,
    "p99.9": 0.002646795,
    "p99.99": 0.004022686
  },
  "rps": {
    "mean": 216989.60167381898,
    "stddev": 22037.760319197085,
    "max": 287131.8716377517,
    "min": 104325.96673312088,
    "percentiles": {
      "p10": 188060.19806940932,
      "p25": 207352.75053979686,
      "p50": 221647.3289796014,
      "p75": 231509.2723766017,
      "p90": 239512.59137610765,
      "p95": 243874.9915599198,
      "p99": 253223.32186794418,
      "p99.9": 268661.7384674999,
      "p99.99": 287131.8716377517
    }
  },
  "details": {
    "DNSDialup": {
      "average": 0.00039388554,
      "fastest": 0.000090583,
      "slowest": 0.001362113
    },
    "DNSLookup": {
      "average": 9.390570000000002e-6,
      "fastest": 1.88e-6,
      "slowest": 0.000114876
    },
    "firstByte": {
      "average": 0.00045838728210907583,
      "fastest": 0.000020226,
      "slowest": 0.009590197
    }
  },
  "statusCodeDistribution": {
    "200": 6509965
  },
  "errorDistribution": {
    "aborted due to deadline": 97
  }
}