{
  "summary": {
    "successRate": 1.0,
    "total": 30.003739176,
    "slowest": 0.016718394,
    "fastest": 0.000021468,
    "average": 0.000444460511300812,
    "requestsPerSec": 223865.26427921912,
    "totalData": 127617300,
    "sizePerRequest": 19,
    "sizePerSec": 4253379.862136687
  },
  "responseTimeHistogram": {
    "0.000021468": 1,
    "0.0016911606000000001": 6667169,
    "0.0033608532000000005": 47053,
    "0.005030545800000001": 1616,
    "0.006700238400000001": 273,
    "0.008369931": 269,
    "0.010039623600000002": 267,
    "0.011709316200000002": 31,
    "0.013379008800000002": 2,
    "0.015048701400000001": 13,
    "0.016718394": 6
  },
  "latencyPercentiles": {
    "p10": 0.00018652,
    "p25": 0.000246081,
    "p50": 0.000357888,
    "p75": 0.000537383,
    "p90": 0.000815606,
    "p95": 0.001038851,
    "p99": 0.001580851,
    "p99.9": 0.002624086,
    "p99.99": 0.006125571
  },
  "firstByteHistogram": {
    "0.000021352": 1,
    "0.0016909907": 6667185,
    "0.0033606294": 47039,
    "0.0050302681": 1614,
    "0.0066999068": 273,
    "0.0083695455": 269,
    "0.0100391842": 267,
    "0.0117088229": 31,
    "0.0133784616": 2,
    "0.0150481003": 13,
    "0.016717739": 6
  },
  "firstBytePercentiles": {
    "p10": 0.000186233,
    "p25": 0.000245766,
    "p50": 0.000357597,
    "p75": 0.000537083,
    "p90": 0.000815328,
    "p95": 0.001038548,
    "p99": 0.001580551,
    "p99.9": 0.002623811,
    "p99.99": 0.006125455
  },
  "rps": {
    "mean": 223873.8722991053,
    "stddev": 22418.06641012622,
    "max": 314925.78135707404,
    "min": 103028.90991211805,
    "percentiles": {
      "p10": 193885.50965559663,
      "p25": 213118.39211725173,
      "p50": 228171.37200515583,
      "p75": 239466.18953555368,
      "p90": 247346.32796720022,
      "p95": 251656.97513915246,
      "p99": 259479.71565104718,
      "p99.9": 272760.2800218877,
      "p99.99": 314925.78135707404
    }
  },
  "details": {
    "DNSDialup": {
      "average": 0.00034904792000000007,
      "fastest": 0.00007114,
      "slowest": 0.00082614
    },
    "DNSLookup": {
      "average": 8.049459999999995e-6,
      "fastest": 1.297e-6,
      "slowest": 0.000104818
    },
    "firstByte": {
      "average": 0.00044416749099097355,
      "fastest": 0.000021352,
      "slowest": 0.016717739
    }
  },
  "statusCodeDistribution": {
    "200": 6716700
  },
  "errorDistribution": {
    "aborted due to deadline": 95
  }
}