{
  "summary": {
    "successRate": 1.0,
    "total": 30.007911483,
    "slowest": 0.013719731,
    "fastest": 0.000025394,
    "average": 0.0007321447116502262,
    "requestsPerSec": 135920.52223663245,
    "totalData": 150908015,
    "sizePerRequest": 37,
    "sizePerSec": 5028940.953971155
  },
  "responseTimeHistogram": {
    "0.000025394": 1,
    "0.0013948277": 3788209,
    "0.0027642614": 272457,
    "0.004133695099999999": 15279,
    "0.0055031288": 1912,
    "0.0068725625": 576,
    "0.008241996199999999": 96,
    "0.0096114299": 18,
    "0.0109808636": 28,
    "0.0123502973": 3,
    "0.013719731": 16
  },
  "latencyPercentiles": {
    "p10": 0.000302986,
    "p25": 0.000436768,
    "p50": 0.000637828,
    "p75": 0.000909592,
    "p90": 0.00126043,
    "p95": 0.001538391,
    "p99": 0.002283523,
    "p99.9": 0.003824851,
    "p99.99": 0.006025515
  },
  "firstByteHistogram": {
    "0.0000253": 1,
    "0.0013947261999999998": 3788407,
    "0.0027641523999999995": 272269,
    "0.004133578599999999": 15270,
    "0.005503004799999999": 1912,
    "0.006872430999999999": 575,
    "0.0082418572": 96,
    "0.0096112834": 18,
    "0.0109807096": 28,
    "0.012350135799999998": 3,
    "0.013719562": 16
  },
  "firstBytePercentiles": {
    "p10": 0.000302675,
    "p25": 0.000436449,
    "p50": 0.000637493,
    "p75": 0.000909244,
    "p90": 0.001260063,
    "p95": 0.001538028,
    "p99": 0.002283054,
    "p99.9": 0.003824508,
    "p99.99": 0.006025311
  },
  "rps": {
    "mean": 135964.64631223542,
    "stddev": 25209.898264954518,
    "max": 250854.08414054065,
    "min": 42531.16258282748,
    "percentiles": {
      "p10": 105198.03781567415,
      "p25": 119680.98046511693,
      "p50": 134880.69967335562,
      "p75": 152293.14908266146,
      "p90": 170383.96191090255,
      "p95": 178300.62405220795,
      "p99": 192450.15250976128,
      "p99.9": 223622.74243290536,
      "p99.99": 250854.08414054065
    }
  },
  "details": {
    "DNSDialup": {
      "average": 0.00034957659000000007,
      "fastest": 0.000085582,
      "slowest": 0.000969734
    },
    "DNSLookup": {
      "average": 8.56478e-6,
      "fastest": 1.666e-6,
      "slowest": 0.000060682
    },
    "firstByte": {
      "average": 0.0007318077101529149,
      "fastest": 0.0000253,
      "slowest": 0.013719562
    }
  },
  "statusCodeDistribution": {
    "200": 4078595
  },
  "errorDistribution": {
    "aborted due to deadline": 96
  }
}