{
  "summary": {
    "successRate": 1.0,
    "total": 30.008802465,
    "slowest": 0.08983907,
    "fastest": 0.00128263,
    "average": 0.02279406267554881,
    "requestsPerSec": 4385.279957555281,
    "totalData": 137886695424,
    "sizePerRequest": 1048576,
    "sizePerSec": 4594874973.262283
  },
  "responseTimeHistogram": {
    "0.00128263": 1,
    "0.010138274": 13250,
    "0.018993918": 42989,
    "0.027849561999999998": 38393,
    "0.036705206": 21602,
    "0.04556084999999999": 9780,
    "0.054416493999999996": 3739,
    "0.063272138": 1264,
    "0.072127782": 389,
    "0.080983426": 79,
    "0.08983907": 13
  },
  "latencyPercentiles": {
    "p10": 0.010113403,
    "p25": 0.014513776,
    "p50": 0.020894359,
    "p75": 0.02909392,
    "p90": 0.038069134,
    "p95": 0.044052807,
    "p99": 0.056371052,
    "p99.9": 0.070133434,
    "p99.99": 0.080302404
  },
  "firstByteHistogram": {
    "0.00031716": 1,
    "0.0052131047": 59432,
    "0.0101090494": 51518,
    "0.0150049941": 15803,
    "0.0199009388": 3669,
    "0.024796883500000002": 854,
    "0.0296928282": 158,
    "0.034588772899999995": 53,
    "0.0394847176": 8,
    "0.0443806623": 1,
    "0.049276607": 2
  },
  "firstBytePercentiles": {
    "p10": 0.002004616,
    "p25": 0.003539532,
    "p50": 0.005637817,
    "p75": 0.008397901,
    "p90": 0.011673287,
    "p95": 0.013953153,
    "p99": 0.01928585,
    "p99.9": 0.026986212,
    "p99.99": 0.034427283
  },
  "rps": {
    "mean": 4382.346271900843,
    "stddev": 925.8257072627059,
    "max": 7689.357640674711,
    "min": 211.5198803305125,
    "percentiles": {
      "p10": 3184.471612439076,
      "p25": 3767.4063592311736,
      "p50": 4408.670532336088,
      "p75": 4977.864250391046,
      "p90": 5550.345040668802,
      "p95": 5865.256166693727,
      "p99": 6583.7012381139,
      "p99.9": 7302.156553094397,
      "p99.99": 7689.357640674711
    }
  },
  "details": {
    "DNSDialup": {
      "average": 0.00032044805999999996,
      "fastest": 0.000089822,
      "slowest": 0.000889977
    },
    "DNSLookup": {
      "average": 7.72945e-6,
      "fastest": 1.417e-6,
      "slowest": 0.000069068
    },
    "firstByte": {
      "average": 0.006388191648947915,
      "fastest": 0.00031716,
      "slowest": 0.049276607
    }
  },
  "statusCodeDistribution": {
    "200": 131499
  },
  "errorDistribution": {
    "aborted due to deadline": 98
  }
}