{
  "summary": {
    "successRate": 1.0,
    "total": 30.002542004,
    "slowest": 0.043943055,
    "fastest": 0.000060799,
    "average": 0.035255901056343526,
    "requestsPerSec": 2837.4929027230437,
    "totalData": 87072768,
    "sizePerRequest": 1024,
    "sizePerSec": 2902179.688254125
  },
  "responseTimeHistogram": {
    "0.000060799": 1,
    "0.0044490246": 12328,
    "0.0088372502": 16,
    "0.0132254758": 0,
    "0.0176137014": 0,
    "0.022001927": 0,
    "0.0263901526": 0,
    "0.0307783782": 0,
    "0.0351666038": 0,
    "0.039554829400000005": 0,
    "0.043943055": 72687
  },
  "latencyPercentiles": {
    "p10": 0.000310483,
    "p25": 0.040847147,
    "p50": 0.040990155,
    "p75": 0.041116509,
    "p90": 0.041981284,
    "p95": 0.042040758,
    "p99": 0.042140529,
    "p99.9": 0.042661192,
    "p99.99": 0.043393738
  },
  "firstByteHistogram": {
    "0.000060486": 1,
    "0.0044486491": 12328,
    "0.0088368122": 16,
    "0.0132249753": 0,
    "0.0176131384": 0,
    "0.0220013015": 0,
    "0.0263894646": 0,
    "0.030777627699999997": 0,
    "0.0351657908": 0,
    "0.0395539539": 0,
    "0.043942117": 72687
  },
  "firstBytePercentiles": {
    "p10": 0.000309972,
    "p25": 0.040846346,
    "p50": 0.040989379,
    "p75": 0.041115561,
    "p90": 0.041980413,
    "p95": 0.042039971,
    "p99": 0.04213964,
    "p99.9": 0.042660327,
    "p99.99": 0.043393056
  },
  "rps": {
    "mean": 3149.5160644709795,
    "stddev": 3604.1624301527077,
    "max": 136660.56249371768,
    "min": 26.899670175074085,
    "percentiles": {
      "p10": 965.4015529835647,
      "p25": 1672.6565193564659,
      "p50": 2721.820288891619,
      "p75": 3791.279929785268,
      "p90": 5311.442563283982,
      "p95": 7051.701508414707,
      "p99": 11776.20642985732,
      "p99.9": 45309.34958427025,
      "p99.99": 136660.56249371768
    }
  },
  "details": {
    "DNSDialup": {
      "average": 0.00034033002000000015,
      "fastest": 0.000083658,
      "slowest": 0.000832281
    },
    "DNSLookup": {
      "average": 7.862199999999994e-6,
      "fastest": 1.778e-6,
      "slowest": 0.000060341
    },
    "firstByte": {
      "average": 0.03525517636369809,
      "fastest": 0.000060486,
      "slowest": 0.043942117
    }
  },
  "statusCodeDistribution": {
    "200": 85032
  },
  "errorDistribution": {
    "aborted due to deadline": 100
  }
}