{
  "summary": {
    "successRate": 1.0,
    "total": 30.009327889,
    "slowest": 0.010236712,
    "fastest": 0.000021042,
    "average": 0.0005597788769547327,
    "requestsPerSec": 177783.85506446555,
    "totalData": 42680672,
    "sizePerRequest": 8,
    "sizePerSec": 1422246.847975716
  },
  "responseTimeHistogram": {
    "0.000021042": 1,
    "0.001042609": 4739502,
    "0.002064176": 531201,
    "0.0030857429999999997": 53590,
    "0.004107309999999999": 8426,
    "0.005128877": 1811,
    "0.006150443999999999": 387,
    "0.007172010999999999": 75,
    "0.008193578": 45,
    "0.009215145": 16,
    "0.010236712": 30
  },
  "latencyPercentiles": {
    "p10": 0.000202088,
    "p25": 0.000273886,
    "p50": 0.000431199,
    "p75": 0.000701726,
    "p90": 0.001088366,
    "p95": 0.001388904,
    "p99": 0.002160552,
    "p99.9": 0.003557022,
    "p99.99": 0.005143415
  },
  "firstByteHistogram": {
    "0.000020948": 1,
    "0.0010425073000000001": 4739953,
    "0.0020640666": 530795,
    "0.0030856259": 53556,
    "0.0041071852": 8417,
    "0.005128744500000001": 1809,
    "0.0061503038000000005": 387,
    "0.0071718631": 75,
    "0.0081934224": 45,
    "0.009214981700000001": 17,
    "0.010236541000000002": 29
  },
  "firstBytePercentiles": {
    "p10": 0.000201797,
    "p25": 0.000273579,
    "p50": 0.000430877,
    "p75": 0.000701368,
    "p90": 0.001087936,
    "p95": 0.001388487,
    "p99": 0.002160056,
    "p99.9": 0.003556387,
    "p99.99": 0.005143077
  },
  "rps": {
    "mean": 177734.38795366368,
    "stddev": 59038.31885728353,
    "max": 279611.57591924304,
    "min": 2366.4371064926318,
    "percentiles": {
      "p10": 96138.48111626643,
      "p25": 111138.90139899334,
      "p50": 204233.43301296135,
      "p75": 228820.54266189446,
      "p90": 240192.8830838645,
      "p95": 244689.5808555575,
      "p99": 253980.25776146655,
      "p99.9": 268033.0484748769,
      "p99.99": 279611.57591924304
    }
  },
  "details": {
    "DNSDialup": {
      "average": 0.00031783192,
      "fastest": 0.000062058,
      "slowest": 0.000854925
    },
    "DNSLookup": {
      "average": 8.635269999999998e-6,
      "fastest": 1.364e-6,
      "slowest": 0.000129099
    },
    "firstByte": {
      "average": 0.0005594465357782976,
      "fastest": 0.000020948,
      "slowest": 0.010236541
    }
  },
  "statusCodeDistribution": {
    "200": 5335084
  },
  "errorDistribution": {
    "aborted due to deadline": 90
  }
}