{
  "summary": {
    "successRate": 1.0,
    "total": 30.002838393,
    "slowest": 0.014784111,
    "fastest": 0.000025431,
    "average": 0.0005586321346717739,
    "requestsPerSec": 178247.06882558583,
    "totalData": 21391296,
    "sizePerRequest": 4,
    "sizePerSec": 712975.7431547153
  },
  "responseTimeHistogram": {
    "0.000025431": 1,
    "0.0015012990000000002": 5197196,
    "0.002977167": 141697,
    "0.004453035000000001": 8111,
    "0.005928903000000001": 712,
    "0.007404771000000001": 72,
    "0.008880639000000001": 21,
    "0.010356507000000001": 12,
    "0.011832375000000001": 0,
    "0.013308243": 1,
    "0.014784111": 1
  },
  "latencyPercentiles": {
    "p10": 0.000219584,
    "p25": 0.000311278,
    "p50": 0.000467819,
    "p75": 0.000683255,
    "p90": 0.001003084,
    "p95": 0.001267173,
    "p99": 0.001976683,
    "p99.9": 0.003313828,
    "p99.99": 0.004685671
  },
  "firstByteHistogram": {
    "0.000025199": 1,
    "0.0015010505": 5197220,
    "0.002976902": 141673,
    "0.0044527535": 8111,
    "0.005928605": 712,
    "0.0074044565": 72,
    "0.008880308": 21,
    "0.0103561595": 12,
    "0.011832011": 0,
    "0.0133078625": 1,
    "0.014783714": 1
  },
  "firstBytePercentiles": {
    "p10": 0.000219291,
    "p25": 0.000310996,
    "p50": 0.000467526,
    "p75": 0.000682963,
    "p90": 0.001002793,
    "p95": 0.001266898,
    "p99": 0.001976378,
    "p99.9": 0.003313626,
    "p99.99": 0.004685447
  },
  "rps": {
    "mean": 178248.06499264532,
    "stddev": 19078.34415817539,
    "max": 236517.7379291333,
    "min": 74011.35838358573,
    "percentiles": {
      "p10": 153423.48913619854,
      "p25": 167955.37488712088,
      "p50": 181518.65737468022,
      "p75": 191243.50789801576,
      "p90": 198582.16539881585,
      "p95": 202834.17755890446,
      "p99": 214468.55752773635,
      "p99.9": 221638.81238819743,
      "p99.99": 236517.7379291333
    }
  },
  "details": {
    "DNSDialup": {
      "average": 0.00032936168999999987,
      "fastest": 0.000095413,
      "slowest": 0.000888422
    },
    "DNSLookup": {
      "average": 7.488960000000002e-6,
      "fastest": 1.708e-6,
      "slowest": 0.00005777
    },
    "firstByte": {
      "average": 0.000558343902871546,
      "fastest": 0.000025199,
      "slowest": 0.014783714
    }
  },
  "statusCodeDistribution": {
    "200": 5347824
  },
  "errorDistribution": {
    "aborted due to deadline": 94
  }
}