{
  "summary": {
    "successRate": 1.0,
    "total": 30.0051383,
    "slowest": 0.025537186,
    "fastest": 0.000073455,
    "average": 0.0014930928042241717,
    "requestsPerSec": 66805.69107725126,
    "totalData": 2052542464,
    "sizePerRequest": 1024,
    "sizePerSec": 68406365.7190342
  },
  "responseTimeHistogram": {
    "0.000073455": 1,
    "0.0026198281": 1832831,
    "0.0051662012": 162260,
    "0.0077125742999999995": 7602,
    "0.0102589474": 1102,
    "0.012805320499999998": 386,
    "0.015351693599999999": 141,
    "0.0178980667": 54,
    "0.0204444398": 30,
    "0.022990812899999997": 18,
    "0.025537185999999996": 11
  },
  "latencyPercentiles": {
    "p10": 0.000651677,
    "p25": 0.000937036,
    "p50": 0.001322591,
    "p75": 0.001851123,
    "p90": 0.002508508,
    "p95": 0.003017861,
    "p99": 0.00437215,
    "p99.9": 0.007414072,
    "p99.99": 0.013411239
  },
  "firstByteHistogram": {
    "0.000073183": 1,
    "0.0026195615": 1832876,
    "0.00516594": 162220,
    "0.0077123185": 7599,
    "0.010258696999999999": 1100,
    "0.012805075499999999": 386,
    "0.015351453999999999": 141,
    "0.0178978325": 54,
    "0.020444211": 30,
    "0.022990589500000002": 18,
    "0.025536968": 11
  },
  "firstBytePercentiles": {
    "p10": 0.000651222,
    "p25": 0.000936579,
    "p50": 0.001322139,
    "p75": 0.001850603,
    "p90": 0.002508015,
    "p95": 0.003017307,
    "p99": 0.004371744,
    "p99.9": 0.007413635,
    "p99.99": 0.01341087
  },
  "rps": {
    "mean": 66804.70559997791,
    "stddev": 7175.147869957467,
    "max": 88848.99133382147,
    "min": 31818.340091231974,
    "percentiles": {
      "p10": 57210.58968015322,
      "p25": 63205.606337264544,
      "p50": 68169.73764160275,
      "p75": 71690.4733773888,
      "p90": 74590.57892916343,
      "p95": 76100.84471937692,
      "p99": 78797.92954419776,
      "p99.9": 83002.11108392313,
      "p99.99": 88848.99133382147
    }
  },
  "details": {
    "DNSDialup": {
      "average": 0.00034379208000000005,
      "fastest": 0.000091037,
      "slowest": 0.000796479
    },
    "DNSLookup": {
      "average": 9.272920000000002e-6,
      "fastest": 1.706e-6,
      "slowest": 0.000103986
    },
    "firstByte": {
      "average": 0.0014926180108937688,
      "fastest": 0.000073183,
      "slowest": 0.025536968
    }
  },
  "statusCodeDistribution": {
    "200": 2004436
  },
  "errorDistribution": {
    "aborted due to deadline": 78
  }
}