{
  "summary": {
    "successRate": 1.0,
    "total": 30.006476194,
    "slowest": 0.21344589,
    "fastest": 0.020445514,
    "average": 0.08905316339920258,
    "requestsPerSec": 1123.990693940395,
    "totalData": 35260465152,
    "sizePerRequest": 1048576,
    "sizePerSec": 1175095166.9243512
  },
  "responseTimeHistogram": {
    "0.020445514": 1,
    "0.0397455516": 203,
    "0.0590455892": 2771,
    "0.0783456268": 8768,
    "0.0976456644": 10888,
    "0.116945702": 6833,
    "0.1362457396": 2920,
    "0.1555457772": 924,
    "0.1748458148": 261,
    "0.19414585239999999": 46,
    "0.21344589": 12
  },
  "latencyPercentiles": {
    "p10": 0.060274533,
    "p25": 0.072231255,
    "p50": 0.086962942,
    "p75": 0.103606153,
    "p90": 0.120341103,
    "p95": 0.131721249,
    "p99": 0.154971553,
    "p99.9": 0.182956469,
    "p99.99": 0.20529459
  },
  "firstByteHistogram": {
    "0.000143837": 1,
    "0.0039468746": 29536,
    "0.0077499121999999995": 3773,
    "0.0115529498": 250,
    "0.0153559874": 51,
    "0.019159025": 12,
    "0.0229620626": 0,
    "0.0267651002": 0,
    "0.0305681378": 1,
    "0.0343711754": 0,
    "0.038174213": 3
  },
  "firstBytePercentiles": {
    "p10": 0.000619614,
    "p25": 0.001036268,
    "p50": 0.001810609,
    "p75": 0.002925483,
    "p90": 0.004229261,
    "p95": 0.005149308,
    "p99": 0.007660257,
    "p99.9": 0.013133607,
    "p99.99": 0.027457543
  },
  "rps": {
    "mean": 1123.1582004446955,
    "stddev": 359.80139971555303,
    "max": 2649.6231747757647,
    "min": 22.488000908695142,
    "percentiles": {
      "p10": 675.4282316301853,
      "p25": 865.176141210614,
      "p50": 1110.450872665913,
      "p75": 1355.2539638638195,
      "p90": 1591.160952401365,
      "p95": 1732.5471102487702,
      "p99": 2063.5320239535804,
      "p99.9": 2462.5965169934457,
      "p99.99": 2649.6231747757647
    }
  },
  "details": {
    "DNSDialup": {
      "average": 0.00032284939000000007,
      "fastest": 0.000066666,
      "slowest": 0.00085619
    },
    "DNSLookup": {
      "average": 7.913489999999994e-6,
      "fastest": 1.202e-6,
      "slowest": 0.000065462
    },
    "firstByte": {
      "average": 0.0021988507892467474,
      "fastest": 0.000143837,
      "slowest": 0.038174213
    }
  },
  "statusCodeDistribution": {
    "200": 33627
  },
  "errorDistribution": {
    "aborted due to deadline": 100
  }
}