{
  "summary": {
    "successRate": 1.0,
    "total": 30.015161151,
    "slowest": 0.019078824,
    "fastest": 0.000033274,
    "average": 0.0008777539923743875,
    "requestsPerSec": 113400.79044974907,
    "totalData": 125934865,
    "sizePerRequest": 37,
    "sizePerSec": 4195708.441025788
  },
  "responseTimeHistogram": {
    "0.000033274": 1,
    "0.001937829": 3174956,
    "0.003842384": 208269,
    "0.0057469389999999995": 17379,
    "0.007651494": 2022,
    "0.009556049": 709,
    "0.011460604": 206,
    "0.013365159": 75,
    "0.015269714": 17,
    "0.017174269": 6,
    "0.019078824": 5
  },
  "latencyPercentiles": {
    "p10": 0.000277956,
    "p25": 0.000430823,
    "p50": 0.000685384,
    "p75": 0.001125047,
    "p90": 0.00168166,
    "p95": 0.002137014,
    "p99": 0.003393323,
    "p99.9": 0.00562125,
    "p99.99": 0.009371695
  },
  "firstByteHistogram": {
    "0.000033147": 1,
    "0.0019376871": 3175073,
    "0.0038422271999999998": 208161,
    "0.0057467672999999995": 17370,
    "0.0076513074": 2024,
    "0.0095558475": 707,
    "0.0114603876": 206,
    "0.013364927700000001": 75,
    "0.0152694678": 17,
    "0.0171740079": 6,
    "0.019078548": 5
  },
  "firstBytePercentiles": {
    "p10": 0.000277659,
    "p25": 0.000430511,
    "p50": 0.000685045,
    "p75": 0.001124594,
    "p90": 0.001681166,
    "p95": 0.002136533,
    "p99": 0.003392733,
    "p99.9": 0.005620773,
    "p99.99": 0.009371425
  },
  "rps": {
    "mean": 113412.8355147852,
    "stddev": 45429.33315632917,
    "max": 201256.6223191191,
    "min": 30782.429188884205,
    "percentiles": {
      "p10": 63141.66718618169,
      "p25": 75571.04750895032,
      "p50": 88729.82209320033,
      "p75": 163761.92779420843,
      "p90": 173272.2891990522,
      "p95": 177250.9773810934,
      "p99": 183602.90092583396,
      "p99.9": 192411.11742031405,
      "p99.99": 201256.6223191191
    }
  },
  "details": {
    "DNSDialup": {
      "average": 0.00035415023000000007,
      "fastest": 0.000085317,
      "slowest": 0.000974006
    },
    "DNSLookup": {
      "average": 9.112390000000002e-6,
      "fastest": 1.906e-6,
      "slowest": 0.000070486
    },
    "firstByte": {
      "average": 0.0008773804383650674,
      "fastest": 0.000033147,
      "slowest": 0.019078548
    }
  },
  "statusCodeDistribution": {
    "200": 3403645
  },
  "errorDistribution": {
    "aborted due to deadline": 98
  }
}