{
  "summary": {
    "successRate": 1.0,
    "total": 30.004099938,
    "slowest": 0.012124325,
    "fastest": 0.000029483,
    "average": 0.000603629199274429,
    "requestsPerSec": 164965.1551030639,
    "totalData": 39596448,
    "sizePerRequest": 8,
    "sizePerSec": 1319701.2435574296
  },
  "responseTimeHistogram": {
    "0.000029483": 1,
    "0.0012389672": 4615119,
    "0.0024484513999999996": 305605,
    "0.0036579355999999995": 24287,
    "0.0048674198": 3949,
    "0.006076903999999999": 498,
    "0.0072863882": 48,
    "0.0084958724": 22,
    "0.0097053566": 16,
    "0.010914840799999999": 10,
    "0.012124324999999998": 1
  },
  "latencyPercentiles": {
    "p10": 0.000237309,
    "p25": 0.000338043,
    "p50": 0.000505552,
    "p75": 0.000738014,
    "p90": 0.001080165,
    "p95": 0.001366293,
    "p99": 0.002138234,
    "p99.9": 0.003602425,
    "p99.99": 0.005007391
  },
  "firstByteHistogram": {
    "0.000029363": 1,
    "0.0012388281": 4615279,
    "0.0024482932000000003": 305452,
    "0.0036577583": 24283,
    "0.0048672234000000005": 3946,
    "0.006076688500000001": 498,
    "0.0072861536": 48,
    "0.0084956187": 22,
    "0.0097050838": 16,
    "0.0109145489": 10,
    "0.012124014": 1
  },
  "firstBytePercentiles": {
    "p10": 0.000236998,
    "p25": 0.000337744,
    "p50": 0.000505244,
    "p75": 0.000737711,
    "p90": 0.001079866,
    "p95": 0.001365973,
    "p99": 0.002137888,
    "p99.9": 0.003602062,
    "p99.99": 0.005006903
  },
  "rps": {
    "mean": 164974.0612131587,
    "stddev": 17289.85929166247,
    "max": 202162.46618544307,
    "min": 80585.00912611968,
    "percentiles": {
      "p10": 142141.24939058052,
      "p25": 156335.19105150484,
      "p50": 168919.5974852684,
      "p75": 176782.23909762205,
      "p90": 182661.70312331384,
      "p95": 185700.5191501705,
      "p99": 191431.1604025734,
      "p99.9": 196321.0063476778,
      "p99.99": 202162.46618544307
    }
  },
  "details": {
    "DNSDialup": {
      "average": 0.0003030006899999999,
      "fastest": 0.000064059,
      "slowest": 0.001312804
    },
    "DNSLookup": {
      "average": 7.931119999999997e-6,
      "fastest": 1.119e-6,
      "slowest": 0.000068961
    },
    "firstByte": {
      "average": 0.0006033222771681848,
      "fastest": 0.000029363,
      "slowest": 0.012124014
    }
  },
  "statusCodeDistribution": {
    "200": 4949556
  },
  "errorDistribution": {
    "aborted due to deadline": 75
  }
}