{
  "summary": {
    "successRate": 1.0,
    "total": 30.005704323,
    "slowest": 0.016008137,
    "fastest": 0.000028441,
    "average": 0.0005882130090007847,
    "requestsPerSec": 169286.3112067133,
    "totalData": 96509778,
    "sizePerRequest": 19,
    "sizePerSec": 3216381.0241249106
  },
  "responseTimeHistogram": {
    "0.000028441": 1,
    "0.0016264105999999998": 4952196,
    "0.0032243802": 120429,
    "0.0048223497999999995": 6287,
    "0.006420319399999999": 404,
    "0.008018289": 98,
    "0.0096162586": 21,
    "0.011214228199999999": 13,
    "0.0128121978": 3,
    "0.0144101674": 0,
    "0.016008137": 10
  },
  "latencyPercentiles": {
    "p10": 0.00023206,
    "p25": 0.000331288,
    "p50": 0.000494289,
    "p75": 0.000719232,
    "p90": 0.00104884,
    "p95": 0.001325931,
    "p99": 0.002068312,
    "p99.9": 0.00342165,
    "p99.99": 0.004896727
  },
  "firstByteHistogram": {
    "0.000028312": 1,
    "0.0016261628000000003": 4952210,
    "0.0032240136000000006": 120412,
    "0.004821864400000001": 6290,
    "0.006419715200000001": 404,
    "0.008017566000000002": 98,
    "0.009615416800000004": 21,
    "0.011213267600000004": 13,
    "0.012811118400000003": 3,
    "0.014408969200000003": 0,
    "0.01600682": 10
  },
  "firstBytePercentiles": {
    "p10": 0.000231743,
    "p25": 0.000330985,
    "p50": 0.000493976,
    "p75": 0.000718928,
    "p90": 0.001048535,
    "p95": 0.001325646,
    "p99": 0.002068008,
    "p99.9": 0.00342136,
    "p99.99": 0.004896485
  },
  "rps": {
    "mean": 169300.3666586932,
    "stddev": 16853.09507323017,
    "max": 225728.97947678127,
    "min": 97135.23094826599,
    "percentiles": {
      "p10": 146388.83981985282,
      "p25": 161523.61475245436,
      "p50": 173350.6483344557,
      "p75": 180720.07800066166,
      "p90": 186301.37425842564,
      "p95": 189439.89604208004,
      "p99": 195486.78762558248,
      "p99.9": 204987.31741064097,
      "p99.99": 225728.97947678127
    }
  },
  "details": {
    "DNSDialup": {
      "average": 0.00034000299,
      "fastest": 0.000067696,
      "slowest": 0.000883546
    },
    "DNSLookup": {
      "average": 8.743659999999996e-6,
      "fastest": 1.218e-6,
      "slowest": 0.000078789
    },
    "firstByte": {
      "average": 0.0005879072128644789,
      "fastest": 0.000028312,
      "slowest": 0.01600682
    }
  },
  "statusCodeDistribution": {
    "200": 5079462
  },
  "errorDistribution": {
    "aborted due to deadline": 93
  }
}