{
  "summary": {
    "successRate": 1.0,
    "total": 30.007512941,
    "slowest": 0.016628301,
    "fastest": 0.000024579,
    "average": 0.0006690446050754363,
    "requestsPerSec": 148858.58780708205,
    "totalData": 98269270,
    "sizePerRequest": 22,
    "sizePerSec": 3274822.215130408
  },
  "responseTimeHistogram": {
    "0.000024579": 1,
    "0.0016849512000000001": 4325709,
    "0.0033453234": 132602,
    "0.0050056956": 7579,
    "0.006666067800000001": 746,
    "0.008326440000000001": 111,
    "0.0099868122": 14,
    "0.011647184400000002": 9,
    "0.013307556600000001": 0,
    "0.0149679288": 12,
    "0.016628301": 2
  },
  "latencyPercentiles": {
    "p10": 0.000256603,
    "p25": 0.00038566,
    "p50": 0.000567788,
    "p75": 0.000827317,
    "p90": 0.001177934,
    "p95": 0.001473258,
    "p99": 0.002291657,
    "p99.9": 0.003825106,
    "p99.99": 0.005684075
  },
  "firstByteHistogram": {
    "0.000024473": 1,
    "0.0016847181": 4325727,
    "0.0033449632000000003": 132586,
    "0.0050052083": 7576,
    "0.0066654534": 747,
    "0.008325698500000001": 111,
    "0.009985943600000002": 14,
    "0.0116461887": 9,
    "0.013306433800000001": 0,
    "0.014966678900000002": 12,
    "0.016626924": 2
  },
  "firstBytePercentiles": {
    "p10": 0.000256315,
    "p25": 0.000385389,
    "p50": 0.0005675,
    "p75": 0.000827019,
    "p90": 0.001177618,
    "p95": 0.001472965,
    "p99": 0.002291387,
    "p99.9": 0.003824696,
    "p99.99": 0.00568396
  },
  "rps": {
    "mean": 148867.42719041044,
    "stddev": 26232.969605806848,
    "max": 217759.7968402133,
    "min": 61738.96963763664,
    "percentiles": {
      "p10": 113440.6571315171,
      "p25": 129443.29878345285,
      "p50": 150807.67668114207,
      "p75": 170931.4342907897,
      "p90": 179853.21856740434,
      "p95": 183928.61082751147,
      "p99": 195067.91446076753,
      "p99.9": 213159.8272384634,
      "p99.99": 217759.7968402133
    }
  },
  "details": {
    "DNSDialup": {
      "average": 0.00030542483,
      "fastest": 0.000061425,
      "slowest": 0.000812139
    },
    "DNSLookup": {
      "average": 7.470900000000002e-6,
      "fastest": 1.169e-6,
      "slowest": 0.00005653
    },
    "firstByte": {
      "average": 0.0006687527046623175,
      "fastest": 0.000024473,
      "slowest": 0.016626924
    }
  },
  "statusCodeDistribution": {
    "200": 4466785
  },
  "errorDistribution": {
    "aborted due to deadline": 91
  }
}